rank,category,name,uses,scenes,impact,key
1,Unclassified,"GRH_6007",341,1,366,"f484df4b3185b8442ae126e68460cc44:21300000"
2,Unclassified,"GRH_6004",340,1,365,"def2ba93b9c57684bb154d1f040293ac:21300000"
3,Unclassified,"GRH_6008",336,1,361,"ba52cd0423973f84dae71e5bdd447cd5:21300000"
4,Unclassified,"GRH_6000",331,1,356,"f637e5c5a79068546af642b4691b5454:21300000"
5,Unclassified,"GRH_6012",331,1,356,"80616325873cb424a9e48681bc25a4b1:21300000"
6,Unclassified,"GRH_6006",329,1,354,"2257725fb7881d248b2cc19acc4f8f89:21300000"
7,Unclassified,"GRH_6005",320,1,345,"9dc7681aad48fdd49b706739b0d3bd88:21300000"
8,Unclassified,"GRH_6002",319,1,344,"43fd43bcba7eade4aaadd65955c397a3:21300000"
9,Unclassified,"GRH_6003",319,1,344,"757aa61e731cea443b064fd582d4232f:21300000"
10,Unclassified,"GRH_6011",319,1,344,"2cb6f4f354cd93a4a948450f5e9cd4bc:21300000"
11,Unclassified,"GRH_6001",315,1,340,"a531da82a24ad1544b1840e84d28fd08:21300000"
12,Unclassified,"GRH_6010",309,1,334,"800f258bcc7e4e5409c3bb8242f1234f:21300000"
13,Unclassified,"GRH_6015",304,1,329,"12b5eecadedb53044bb10c6c7eb80b10:21300000"
14,Unclassified,"GRH_6009",299,1,324,"7a120c7c664a4df4cb3c002fbd7e6668:21300000"
15,Unclassified,"GRH_6014",297,1,322,"30b8e2a2240de4c4a8f38b483e7d617a:21300000"
16,Unclassified,"GRH_6013",294,1,319,"520a88a51fc0eda4985aad95115d3f7e:21300000"
17,Unclassified,"GRH_49556",158,1,183,"bb063bc95bc757947baba70b6143b524:21300000"
18,Unclassified,"GRH_49553",149,1,174,"5a5c8e8bbdba9244895f9ccbe338f1ed:21300000"
19,Unclassified,"GRH_49555",147,1,172,"144372e6cc9243143a9c50710f497c56:21300000"
20,Unclassified,"GRH_49552",144,1,169,"8637ebece8ee3ca428a4df955ef7a225:21300000"
21,Unclassified,"GRH_59613",132,1,157,"df334b0493dc4804696c7cee4cf03cb6:21300000"
22,Unclassified,"GRH_49554",113,1,138,"36ec8e07a27b631459cdd3e85b3288c6:21300000"
23,Unclassified,"GRH_49551",105,1,130,"e46e13302f9ec6049af31f86f3abee73:21300000"
24,Unclassified,"GRH_6333",65,1,90,"7cadf28d57e74de4797a90d2106a8f7f:21300000"
25,Unclassified,"GRH_6335",64,1,89,"7544003dfff445a48a4ff2d939a74f36:21300000"
26,Unclassified,"GRH_6332",63,1,88,"b9da18f93f09f184ebfb3062f822a239:21300000"
27,Unclassified,"GRH_6334",63,1,88,"b9e7c5dd6e3a9144bb1fcb53e3acd29e:21300000"
28,Unclassified,"GRH_6321",58,1,83,"16b35487add4f424ba7f5dc340144654:21300000"
29,Unclassified,"GRH_6323",56,1,81,"ffb8fe14a90f55240b5bf08c41b1de44:21300000"
30,Unclassified,"GRH_6325",56,1,81,"b978208960ed3df409b9817d1e9f63f0:21300000"
31,Unclassified,"GRH_6320",55,1,80,"d7c312339ad8dca49b644694d7ee43cb:21300000"
32,Unclassified,"GRH_6324",55,1,80,"29276f2ab222a3644bb05f9b043ddda6:21300000"
33,Unclassified,"GRH_6322",51,1,76,"5fb59d53c8197804fae3400ee2fbbdce:21300000"
34,Unclassified,"GRH_6327",50,1,75,"a9181ba0a0a696646a9cd9471e3bbc28:21300000"
35,Unclassified,"GRH_6326",49,1,74,"66ef27d627cb32447b465dfd557c7f97:21300000"
36,Unclassified,"GRH_6328",48,1,73,"b1c2f907481576444863e7d6427d7248:21300000"
37,Unclassified,"GRH_6329",48,1,73,"15dff49462a5646499f7bb304124f7dc:21300000"
38,Unclassified,"GRH_6378",48,1,73,"1092e77ae08f773449c7d3f2e72d9b29:21300000"
39,Unclassified,"GRH_6372",47,1,72,"b9ae5e182b4a3f04a8a51515f00d2a19:21300000"
40,Unclassified,"GRH_6376",47,1,72,"b8a296a6993200543995c64e8e15a249:21300000"
41,Unclassified,"GRH_6377",47,1,72,"ee3145c39248230449c0f44e02a0e92b:21300000"
42,Unclassified,"GRH_6331",45,1,70,"4573363098e8e7049bee0f04c7c43f1c:21300000"
43,Unclassified,"GRH_6373",45,1,70,"c131c6adf5b3b8348a6ebf43f2b44a6f:21300000"
44,Unclassified,"GRH_6330",44,1,69,"1d76a4fa1ee4ccc4c93c62533b0137d0:21300000"
45,Unclassified,"GRH_6374",44,1,69,"31c97d30d738c034fa5fa63ab1b21e1f:21300000"
46,Unclassified,"GRH_6381",42,1,67,"ac89dd021843496498f1640087df95c6:21300000"
47,Unclassified,"GRH_6382",42,1,67,"4f94e1313cf35234397289b3969eae15:21300000"
48,Unclassified,"GRH_6375",40,1,65,"fe16d307a705c6543be88d59fd523e90:21300000"
49,Unclassified,"GRH_6368",39,1,64,"61bebafc81974b749b0ec83ef8988e01:21300000"
50,Unclassified,"GRH_6380",39,1,64,"3304fe9f62e57424d93c6531bc9839fb:21300000"
51,Unclassified,"GRH_6369",38,1,63,"0497deded2133f84b8b6d757a0e416c3:21300000"
52,Unclassified,"GRH_6370",37,1,62,"dedce3018bdb1004683c8597d10c7897:21300000"
53,Unclassified,"GRH_61266",36,1,61,"8f5bb9ecfef6f3e41b3bb22984f6e8b1:21300000"
54,Unclassified,"GRH_61270",36,1,61,"9c43dba6daf3b044fa440e4fcdf48dba:21300000"
55,Unclassified,"GRH_61274",36,1,61,"e84c67e26119b9f4d90b1ecd48a75488:21300000"
56,Unclassified,"GRH_6379",36,1,61,"25d2b8011630c0e48943b525edf83a7a:21300000"
57,Unclassified,"GRH_61262",35,1,60,"153d16f39197b9c4eaf8490ab75bd973:21300000"
58,Unclassified,"GRH_8637",35,1,60,"657cad5583cc63c48888d13b9dcfa18b:21300000"
59,Unclassified,"GRH_8986",34,1,59,"0055c48c3629b224f86a69d20f8b36ba:21300000"
60,Unclassified,"GRH_6371",33,1,58,"5f44f4227150b0c409a3f6a19433edec:21300000"
61,Unclassified,"GRH_6383",33,1,58,"85ea465efd486844c838885784b67f24:21300000"
62,Unclassified,"GRH_61264",31,1,56,"6e9b7fecd728b1945a19155a1da1cb50:21300000"
63,Unclassified,"GRH_61265",31,1,56,"d0487e20c0a5e3e45837950bc8ac11ba:21300000"
64,Unclassified,"GRH_61268",31,1,56,"ff615b60f6f051041a5d9d19ec6f6c40:21300000"
65,Unclassified,"GRH_61269",31,1,56,"bf48f63ec36833849b4ee1cdeebbebbb:21300000"
66,Unclassified,"GRH_61272",31,1,56,"442c5a93c45d1c5469422d9f673a6d80:21300000"
67,Unclassified,"GRH_61273",31,1,56,"69d78d1491e84c14e83c94274c5c361e:21300000"
68,Unclassified,"GRH_61260",30,1,55,"369197c9448208d489dde428f485b957:21300000"
69,Unclassified,"GRH_61261",30,1,55,"e6c39816ad2647544aa09bfa4e74c61a:21300000"
70,Unclassified,"GRH_8987",26,1,51,"c30631d0ebb02df43985790a7276b5d3:21300000"
71,Unclassified,"GRH_61267",20,1,45,"1072dfd44853a944b94eb98866529bfa:21300000"
72,Unclassified,"GRH_61271",20,1,45,"2b519fe7302b43243a024ff5660886f8:21300000"
73,Unclassified,"GRH_61275",20,1,45,"671a7f57ffcbff74883a49e524d515f0:21300000"
74,Unclassified,"GRH_61263",19,1,44,"3c7e0f573fabcd84d97002c5c1f1cc3a:21300000"
75,Unclassified,"GRH_8988",19,1,44,"0f4ad163b2de5a04e9f4d87525c7a973:21300000"
76,Unclassified,"GRH_49558",18,1,43,"00b590ac4264da04a85a4e9d18c8c6a1:21300000"
77,Unclassified,"GRH_49557",17,1,42,"de6529325f540a54ca59fb6dfb25de74:21300000"
78,Unclassified,"GRH_49582",17,1,42,"3e5d8b71ea8c84240bb12e87c64e72cb:21300000"
79,Unclassified,"GRH_8989",17,1,42,"673f5ca9ad261c54d84e9dd0b58b9ec0:21300000"
80,Unclassified,"GRH_17047",16,1,41,"3668bcf0d599d5b4580c1fd8a1f824bc:21300000"
81,Unclassified,"GRH_6052",15,1,40,"6d943bff26e33ed45a5e1169de3926d3:21300000"
82,Unclassified,"GRH_6053",15,1,40,"f983bfb4c757362418a81c4498a179c9:21300000"
83,Unclassified,"GRH_6055",15,1,40,"2a9d4d253f0a4ab479556dc08a439f65:21300000"
84,Unclassified,"GRH_6059",15,1,40,"650ca10ac93b31444a171255ac72c349:21300000"
85,Unclassified,"GRH_16137",14,1,39,"3fe870e5e78f0d8468dca095060d772d:21300000"
86,Unclassified,"GRH_550",14,1,39,"c91cce6ab1ab1e74fa946ae698a6d378:21300000"
87,Unclassified,"GRH_6054",14,1,39,"28e9670ffdccd454792a46b13bf477c8:21300000"
88,Unclassified,"GRH_6048",13,1,38,"1af0ee469f804da47bd127cee14796f3:21300000"
89,Unclassified,"GRH_6049",13,1,38,"450f07905c110134fa86e61224f8dde4:21300000"
90,Unclassified,"GRH_6050",13,1,38,"20f90a51604c1b4459fc112c2462a022:21300000"
91,Unclassified,"GRH_6051",13,1,38,"fa85795b1c8d8e64caba8448bc05a79c:21300000"
92,Unclassified,"GRH_6057",13,1,38,"9cb72ae39bed76f4ba9b22da0aff5b49:21300000"
93,Unclassified,"GRH_6063",13,1,38,"840514f897cf49c449aec0fb09eb18b1:21300000"
94,Unclassified,"GRH_595",12,1,37,"d2e02c6093e63344692442beb38208b9:21300000"
95,Unclassified,"GRH_6056",12,1,37,"e8e033916de9ebb4e9f14ee1481030d7:21300000"
96,Unclassified,"GRH_6058",12,1,37,"c79e991ccbc5fda4498ef52e2e252763:21300000"
97,Unclassified,"GRH_17066",11,1,36,"8e9c64e81808ee849b10fe41019fb0fb:21300000"
98,Unclassified,"GRH_2933",11,1,36,"ab75f7792d40e0f43a2314f47c980da1:21300000"
99,Unclassified,"GRH_6060",11,1,36,"f50dcded7ecad4040b2220e6e308b02e:21300000"
100,Unclassified,"GRH_6061",11,1,36,"8f4d417470e5fd5468e9ffa1df524833:21300000"
101,Unclassified,"GRH_6062",11,1,36,"6ba758b36126f5a4b9df8b88b691a65a:21300000"
102,Unclassified,"GRH_14294",10,1,35,"a82ead30ad2249a41b0e261f0fe45459:21300000"
103,Unclassified,"GRH_6436",10,1,35,"5ffe6fff957c01e44b200cf427ea71c7:21300000"
104,Unclassified,"GRH_6440",10,1,35,"0c38a6b8f57aced48a7ca4e39975ab2c:21300000"
105,Unclassified,"GRH_4519",9,1,34,"d65585eb64919a64cad2ea3e6b65ac39:21300000"
106,Unclassified,"GRH_4520",9,1,34,"dfccbde59d062f34e95ed7d9e71a623b:21300000"
107,Unclassified,"GRH_4521",9,1,34,"c368025bcc928b940a5c3ac27a9a945a:21300000"
108,Unclassified,"GRH_4523",9,1,34,"c238a0cce1fe1504dafc054d8e20d2c1:21300000"
109,Unclassified,"GRH_4524",9,1,34,"04369cb03817fee419929c0e7220ced4:21300000"
110,Unclassified,"GRH_4525",9,1,34,"1dfe9184ae2b0e24b9f79d26e82b1b24:21300000"
111,Unclassified,"GRH_4527",9,1,34,"23a5a07986bb5794ea6994308a057fb9:21300000"
112,Unclassified,"GRH_4528",9,1,34,"ae50c928133c64d43b10b2dc60543e2c:21300000"
113,Unclassified,"GRH_4529",9,1,34,"98ddadc8a792ecc4fbbe9e3503b744a8:21300000"
114,Unclassified,"GRH_6400",8,1,33,"2fa3361b594c08a43971418a4c66dde3:21300000"
115,Unclassified,"GRH_6401",8,1,33,"983e6357347a39348b70786cc8610324:21300000"
116,Unclassified,"GRH_6402",8,1,33,"56773bbb888a5a24bbad7fe7d97c652c:21300000"
117,Unclassified,"GRH_6403",8,1,33,"b4340cc557c739d4a85811a790100c38:21300000"
118,Unclassified,"GRH_6404",8,1,33,"12f423878e58c8b40b38e8406b9ef8ea:21300000"
119,Unclassified,"GRH_6405",8,1,33,"7d9dcfbc31c471843bcff9bf37c59497:21300000"
120,Unclassified,"GRH_6406",8,1,33,"32f1f09f688c64b42a28d4d4c0c2264b:21300000"
121,Unclassified,"GRH_6407",8,1,33,"bcf8001690259b34cbcc950ea8ff3443:21300000"
122,Unclassified,"GRH_6411",8,1,33,"3b0eb3555d4a6354baf5f49a3f417a87:21300000"
123,Unclassified,"GRH_60926",7,1,32,"6ebb8b4dec544814caa80d3ae387ac71:21300000"
124,Unclassified,"GRH_60927",7,1,32,"c45e3b19ee65c0345a01c12c3392300b:21300000"
125,Unclassified,"GRH_60930",7,1,32,"0479dd6c4173d074dbe712b5dd36240a:21300000"
126,Unclassified,"GRH_60931",7,1,32,"827938b1944e8b645883e867ce6c180f:21300000"
127,Unclassified,"GRH_60934",7,1,32,"e6626251a13ea3e4ea4e3559ebc8b07f:21300000"
128,Unclassified,"GRH_60935",7,1,32,"b1ac94eb8c53f684886fa591d7281799:21300000"
129,Unclassified,"GRH_60938",7,1,32,"fec9bbf5165d67a489e69a8579a2706d:21300000"
130,Unclassified,"GRH_60939",7,1,32,"bfbcea78adb6cf4408f96e6ea0a155f1:21300000"
131,Unclassified,"GRH_6408",7,1,32,"af0e080da710c7a459e58116c08f6a48:21300000"
132,Unclassified,"GRH_6409",7,1,32,"93e82174f758b474286f142d95b591c8:21300000"
133,Unclassified,"GRH_6410",7,1,32,"163a929368311f24f83797c28a58557c:21300000"
134,Unclassified,"GRH_6413",7,1,32,"bccfc2ede9ca2b9428b8284f987586ab:21300000"
135,Unclassified,"GRH_6414",7,1,32,"e4ef0c7eae4ed704c86e04530b588e1e:21300000"
136,Unclassified,"GRH_6415",7,1,32,"6b32e58595575f343b97b82895cb6c04:21300000"
137,Unclassified,"GRH_6444",7,1,32,"7023605e4a8179942905e50f301137b9:21300000"
138,Unclassified,"GRH_6498",7,1,32,"4578ce2b59b2f634eabbd713b69748f0:21300000"
139,Unclassified,"GRH_16136",6,1,31,"02bf0f931c9780c47877d0412b79108d:21300000"
140,Unclassified,"GRH_4515",6,1,31,"9383c8f9331f4e640885432ddd0c0a72:21300000"
141,Unclassified,"GRH_4516",6,1,31,"ee4515fe8f71e064787ee47285fe9e73:21300000"
142,Unclassified,"GRH_4517",6,1,31,"e56f555385162d94c81d3263e1a1529c:21300000"
143,Unclassified,"GRH_4522",6,1,31,"7b38dd8cc469e1847b782cfc4423f1d6:21300000"
144,Unclassified,"GRH_4526",6,1,31,"aaa70ef66b0e3514aa2271e1c84cd2ea:21300000"
145,Unclassified,"GRH_4530",6,1,31,"4c824ee110e0a434cb1d4b20e67eaf46:21300000"
146,Unclassified,"GRH_6080",6,1,31,"a47c2b8cf85b41f43afc6103b439ebd3:21300000"
147,Unclassified,"GRH_6081",6,1,31,"503e9265459ac6c4185b457b7f29eae2:21300000"
148,Unclassified,"GRH_6082",6,1,31,"aacca67346f27be49affcd15df8dcb77:21300000"
149,Unclassified,"GRH_60989",6,1,31,"1bdf3c6ff61846840bf9aebbff829392:21300000"
150,Unclassified,"GRH_61000",6,1,31,"4744f80a46222c44d9f29fa47dd4b435:21300000"
151,Unclassified,"GRH_61001",6,1,31,"e473c65a95188a3418f49a97b1ad0580:21300000"
152,Unclassified,"GRH_61002",6,1,31,"81496bd717364774fb3fd74c974bfd87:21300000"
153,Unclassified,"GRH_61758",6,1,31,"8def9ae8e5bb64840bead9390fc7ca53:21300000"
154,Unclassified,"GRH_61759",6,1,31,"ac3ee8247ee716c4c98f9d1389f62716:21300000"
155,Unclassified,"GRH_61762",6,1,31,"87f2bddbcc28adc41815fef61edb25a6:21300000"
156,Unclassified,"GRH_61763",6,1,31,"f76761c1036e76f41bd1457ca89d2f3e:21300000"
157,Unclassified,"GRH_61766",6,1,31,"ce8a3a24662ce6a46a88a74c7f1408b9:21300000"
158,Unclassified,"GRH_61767",6,1,31,"415387451fc8ea548b31f39cf7133306:21300000"
159,Unclassified,"GRH_61770",6,1,31,"bbe018cc5dcb0db4ca16eb154a795fd2:21300000"
160,Unclassified,"GRH_61771",6,1,31,"6c6cdf52d8a63c345b2a67c93b9a0abe:21300000"
161,Unclassified,"GRH_6412",6,1,31,"bb7cfd8b55c09df46bfc51a71cacff22:21300000"
162,Unclassified,"GRH_6445",6,1,31,"a239a26d0d4c8bb448b93eaaaa956468:21300000"
163,Unclassified,"GRH_6448",6,1,31,"06a57ecf7f3c3ef46b0c067209f96d42:21300000"
164,Unclassified,"GRH_6449",6,1,31,"2d96a4a220f49a24c89f75d066c6d1b8:21300000"
165,Unclassified,"GRH_6450",6,1,31,"ba118e70653c60a4495405bff7ef65c3:21300000"
166,Unclassified,"GRH_6452",6,1,31,"22f59cc3889dead4c8c5a167ce7338d6:21300000"
167,Unclassified,"GRH_6453",6,1,31,"10bd404cf94c0b343a35dbfb0fda960f:21300000"
168,Unclassified,"GRH_6454",6,1,31,"df1da36bf21b09d4eafe64bd09324a87:21300000"
169,Unclassified,"GRH_6456",6,1,31,"5e10ed79a490107459a97aac503dbf8a:21300000"
170,Unclassified,"GRH_6457",6,1,31,"482c784f1cbda9e41a7614cbb7346b03:21300000"
171,Unclassified,"GRH_6458",6,1,31,"dcad77288b15e104c9b903b50f579f1f:21300000"
172,Unclassified,"GRH_6499",6,1,31,"59a494a3b0afde148b51091b667d880a:21300000"
173,Unclassified,"GRH_6512",6,1,31,"0b15a9e63533a504583970a658db365b:21300000"
174,Unclassified,"GRH_6513",6,1,31,"063e6569b2e42b44585cb3b89d74bcc3:21300000"
175,Unclassified,"GRH_6516",6,1,31,"022eb7df79a3ec04c8e846dea294ef0c:21300000"
176,Unclassified,"GRH_6517",6,1,31,"fa44eae057829bd4b9905815182b588e:21300000"
177,Unclassified,"GRH_6518",6,1,31,"c3cf17d999df8964da8691acab600d0a:21300000"
178,Unclassified,"GRH_6032",5,1,30,"e1613c84a90b65b4eadcf92d2b54b62b:21300000"
179,Unclassified,"GRH_6033",5,1,30,"e7564cc9f065f0e47af1a7d1b0bf6094:21300000"
180,Unclassified,"GRH_6034",5,1,30,"53c6928e0c8a070488053bd1ba4b1ecf:21300000"
181,Unclassified,"GRH_6036",5,1,30,"0153fd5211d84ca42bec18e530a5ff86:21300000"
182,Unclassified,"GRH_6037",5,1,30,"a50e4bf35ee70694cb0bd4004f4cc6c0:21300000"
183,Unclassified,"GRH_6038",5,1,30,"4156f20fd3b675a43927cd46012b31af:21300000"
184,Unclassified,"GRH_6040",5,1,30,"0aa4f0cf1adc9654a8180896fa3028c5:21300000"
185,Unclassified,"GRH_6041",5,1,30,"3eb03a9045399054d93ea347dcf487f3:21300000"
186,Unclassified,"GRH_6042",5,1,30,"bc2108c7236ec2342b9adbfdbd64ed9a:21300000"
187,Unclassified,"GRH_6044",5,1,30,"8e8ef7029c92c344c9f4dc906000912f:21300000"
188,Unclassified,"GRH_6045",5,1,30,"6e44a66d09ce5fe40acfe7ba7368ed4a:21300000"
189,Unclassified,"GRH_6046",5,1,30,"baaab1557dcee80468bc0f2d879db8ff:21300000"
190,Unclassified,"GRH_6083",5,1,30,"1183e07655ff0384ea5a1ccf377e945e:21300000"
191,Unclassified,"GRH_60988",5,1,30,"12fad68f66deaba4e8f751ef3d96f8d7:21300000"
192,Unclassified,"GRH_60990",5,1,30,"dbc32655ec4ea49418775a73733bd4f1:21300000"
193,Unclassified,"GRH_60992",5,1,30,"8abd6c8265aa7e04eb06d49e83b71e25:21300000"
194,Unclassified,"GRH_60993",5,1,30,"fdab5b1ba75c85e4fa77e933ce010f99:21300000"
195,Unclassified,"GRH_60994",5,1,30,"9d08b3f6e26183f4cb68f919c173dbf6:21300000"
196,Unclassified,"GRH_60996",5,1,30,"706f0dde0eee17341939f4c367e852a4:21300000"
197,Unclassified,"GRH_60997",5,1,30,"5d0f72f7e2e521e49b93c3ceb85aa37c:21300000"
198,Unclassified,"GRH_60998",5,1,30,"f75bd3cbe6f41f043bd982dcd39a6eb7:21300000"
199,Unclassified,"GRH_61452",5,1,30,"d0fa7949a7eebc24b9b6540380460553:21300000"
200,Unclassified,"GRH_61453",5,1,30,"d3d6469696028b640a6afaee6e2e16df:21300000"
201,Unclassified,"GRH_61454",5,1,30,"32b4440bfe6b3384eaa0c4aeeac6a020:21300000"
202,Unclassified,"GRH_61456",5,1,30,"df281b6b753e8ca4ab3d8cca7d7a632c:21300000"
203,Unclassified,"GRH_61457",5,1,30,"b75b859970e903b44a84849a09f93143:21300000"
204,Unclassified,"GRH_61458",5,1,30,"5a122a559bcb05d4a8a65e4ba8564cf7:21300000"
205,Unclassified,"GRH_61460",5,1,30,"f4f700ae5a61d644c9e38a13f5975d59:21300000"
206,Unclassified,"GRH_61461",5,1,30,"b4dc7858b2e3d894295095fee107c2c6:21300000"
207,Unclassified,"GRH_61462",5,1,30,"78d5b0d1f1d4b414780bfdade493b4e0:21300000"
208,Unclassified,"GRH_61464",5,1,30,"3c8cbf2ff94210041857363b27c6cd5a:21300000"
209,Unclassified,"GRH_61465",5,1,30,"f2f4338087ce78f4abe72c865d8861a6:21300000"
210,Unclassified,"GRH_61466",5,1,30,"13171e0db2d0a5a48b7226610ca2a162:21300000"
211,Unclassified,"GRH_61756",5,1,30,"d55fa635608a58f40a9b2a1e5fc49824:21300000"
212,Unclassified,"GRH_61757",5,1,30,"0a4344f5d5fc5bd4bbc335941440b109:21300000"
213,Unclassified,"GRH_61760",5,1,30,"9d16aac9c39cad246b06e6580d9df89f:21300000"
214,Unclassified,"GRH_61761",5,1,30,"31950e76ced24154cb9e20910cda043c:21300000"
215,Unclassified,"GRH_61764",5,1,30,"fc3685f1e0b953841bce1df3ef58747a:21300000"
216,Unclassified,"GRH_61765",5,1,30,"fffd4cd3a38c6ae49911af22cfa57b1e:21300000"
217,Unclassified,"GRH_61768",5,1,30,"820b41f95efdd114fb9c984969cc14ab:21300000"
218,Unclassified,"GRH_61769",5,1,30,"c8a02b4224dde9541a0ddb32ed31b9fd:21300000"
219,Unclassified,"GRH_6336",5,1,30,"55629aa48a67bab498c5f799faa1bdc3:21300000"
220,Unclassified,"GRH_6339",5,1,30,"7369174ad0ae7f54eb3b723513574b4b:21300000"
221,Unclassified,"GRH_6419",5,1,30,"a2bbfcd221286dc41b1b9d080111a45e:21300000"
222,Unclassified,"GRH_6435",5,1,30,"2f71e7772e0e12c468072a3523006443:21300000"
223,Unclassified,"GRH_6437",5,1,30,"f1cdd887d0b85b64898f6351c8dc3b9f:21300000"
224,Unclassified,"GRH_6438",5,1,30,"0051b86f77af9fd43a3a28f6192d131d:21300000"
225,Unclassified,"GRH_6439",5,1,30,"1dac5f34ed4739249818aac4dac21291:21300000"
226,Unclassified,"GRH_6441",5,1,30,"2f1e0d2b976fe384b9ee9bd2afc2adae:21300000"
227,Unclassified,"GRH_6442",5,1,30,"810c33b057bf04249bfd11b6d552145a:21300000"
228,Unclassified,"GRH_6443",5,1,30,"94378dd111e3bf2489dd62f83c15be7f:21300000"
229,Unclassified,"GRH_6446",5,1,30,"ed96e842efbf8c24a81442824bcb2877:21300000"
230,Unclassified,"GRH_6447",5,1,30,"854456f24c458b949b44a410d8d1e9ea:21300000"
231,Unclassified,"GRH_6451",5,1,30,"8cb6c801cc3246744831512340975436:21300000"
232,Unclassified,"GRH_6455",5,1,30,"c4713071a3a05574d9f733fcdc13592c:21300000"
233,Unclassified,"GRH_6459",5,1,30,"dedfa56ee1d67ef429c9c64336494923:21300000"
234,Unclassified,"GRH_6463",5,1,30,"e8db38d83a042eb41a8a2c45465b0ae3:21300000"
235,Unclassified,"GRH_6488",5,1,30,"eb81f6c3739e5b34eaccb479da53ac66:21300000"
236,Unclassified,"GRH_6489",5,1,30,"3d2db580952a2594cadc8b657e199cea:21300000"
237,Unclassified,"GRH_6490",5,1,30,"2d6a8368a1f65e3429e946ca679ea450:21300000"
238,Unclassified,"GRH_6491",5,1,30,"951995f5c84942b48a3aa49a0b9184a4:21300000"
239,Unclassified,"GRH_6492",5,1,30,"0abf1feb9a9f1794899d8a1d52b04575:21300000"
240,Unclassified,"GRH_6493",5,1,30,"cfbd05e44f45c3245b400be23c84599a:21300000"
241,Unclassified,"GRH_6494",5,1,30,"760a48077b4173b489d7d2df367791aa:21300000"
242,Unclassified,"GRH_6495",5,1,30,"e5df9dec6b3451c4bab4c8355956464d:21300000"
243,Unclassified,"GRH_6496",5,1,30,"012a04aae7cc50446864eee25f92e81b:21300000"
244,Unclassified,"GRH_6497",5,1,30,"6a14113591dcf4d4fbd45b0e6559f374:21300000"
245,Unclassified,"GRH_6500",5,1,30,"69346486c10341642b8d159aa35bfbb5:21300000"
246,Unclassified,"GRH_6501",5,1,30,"4782920a13167ac4eaf78a61a91eb824:21300000"
247,Unclassified,"GRH_6502",5,1,30,"e33d935a4f0b79442a02a00ad0a46030:21300000"
248,Unclassified,"GRH_6503",5,1,30,"2d1811f9ca6648b48977aac3535c804c:21300000"
249,Unclassified,"GRH_6506",5,1,30,"ebea29c4ad028e24fa452b78600a8924:21300000"
250,Unclassified,"GRH_6507",5,1,30,"d7930e0322a43ce4c8f3be2f2a0ba7d4:21300000"
251,Unclassified,"GRH_6510",5,1,30,"86d20ce2baf2a524d8a097b25c2025f2:21300000"
252,Unclassified,"GRH_6514",5,1,30,"40b28f5a69c72d14c86d39d96dd0dc8c:21300000"
253,Unclassified,"GRH_6520",5,1,30,"749a79030cb6bc746afa58796fff7712:21300000"
254,Unclassified,"GRH_6521",5,1,30,"ea28d7b6d8f6ea24a97888ef6b2ec723:21300000"
255,Unclassified,"GRH_6524",5,1,30,"76e981ffb1b687d4a8e1265fc07e28e4:21300000"
256,Unclassified,"GRH_6525",5,1,30,"09aa2f583b681ad43a3d7ab21f767746:21300000"
257,Unclassified,"GRH_9123",5,1,30,"101be0502505fcf428a5d59ef2e5fa93:21300000"
258,Unclassified,"GRH_9125",5,1,30,"9bc681ff2d97bd040b684210b73c84c6:21300000"
259,Unclassified,"GRH_9126",5,1,30,"3304264082a8a634a98f88fe02e4e990:21300000"
260,Unclassified,"GRH_9128",5,1,30,"8c97c8a8a6798bc4ca59b5b521be6687:21300000"
261,Unclassified,"GRH_9129",5,1,30,"19542e60a94bd6f468db1af8f162828b:21300000"
262,Unclassified,"GRH_9131",5,1,30,"316b60458c6343640932bad30da44360:21300000"
263,Unclassified,"GRH_4518",4,1,29,"bf235702529ee3b47a5529e8d914e6cc:21300000"
264,Unclassified,"GRH_6035",4,1,29,"48b46518b67984248ba6eec4539fbfc4:21300000"
265,Unclassified,"GRH_6039",4,1,29,"8c3f483025f99ae4c8c61d9a741b7648:21300000"
266,Unclassified,"GRH_6043",4,1,29,"c089f728b09805c4b9954f52e1edf5f2:21300000"
267,Unclassified,"GRH_60991",4,1,29,"b48c53ccb1f30604a8321600b915e956:21300000"
268,Unclassified,"GRH_61003",4,1,29,"e721e78422c97114788398f4f7fbf8de:21300000"
269,Unclassified,"GRH_61630",4,1,29,"ca720d9cff4e5784b94bcc507f6d158f:21300000"
270,Unclassified,"GRH_61631",4,1,29,"d31ba7d9392247a45a0d7a36bac82d37:21300000"
271,Unclassified,"GRH_61634",4,1,29,"346d40d9a6e1b064fbe89e7d4914b56d:21300000"
272,Unclassified,"GRH_61635",4,1,29,"f5f1a873f1ce5a340a7e663345f40d42:21300000"
273,Unclassified,"GRH_61638",4,1,29,"b3356cdfbfa9e944b9a0e618c776925a:21300000"
274,Unclassified,"GRH_61639",4,1,29,"f7ad1c6fc4945944d8c47d828af3d04a:21300000"
275,Unclassified,"GRH_61642",4,1,29,"40d002da4b35c0f469436808d136080c:21300000"
276,Unclassified,"GRH_61643",4,1,29,"19516540e2ec8df459fea35bdc3fc157:21300000"
277,Unclassified,"GRH_6337",4,1,29,"18299427f4cfb5245bc918ba5577032c:21300000"
278,Unclassified,"GRH_6338",4,1,29,"98990c1bbcf39054c900ebc785ee42bc:21300000"
279,Unclassified,"GRH_6340",4,1,29,"26e75f7fd0c52924197d02fad80ed013:21300000"
280,Unclassified,"GRH_6344",4,1,29,"861f9d9c196adf4489dfb0eed8326f74:21300000"
281,Unclassified,"GRH_6367",4,1,29,"e0de512a3993a134a9dd55b634e7d2ff:21300000"
282,Unclassified,"GRH_6432",4,1,29,"22c6606ccb18f07479e833b2915debce:21300000"
283,Unclassified,"GRH_6433",4,1,29,"0922c327c0ddc1443b0c86c5022ea051:21300000"
284,Unclassified,"GRH_6434",4,1,29,"cdb10d722386db44b9b8c93d25d55b6f:21300000"
285,Unclassified,"GRH_6462",4,1,29,"76667f7b361595241be121fe6809bb79:21300000"
286,Unclassified,"GRH_6480",4,1,29,"f29415ac4797e57429533bf8ab84deee:21300000"
287,Unclassified,"GRH_6481",4,1,29,"94f860fc8f3734c41a3b206fe44f0f08:21300000"
288,Unclassified,"GRH_6482",4,1,29,"8eff45ef8a863f44cbe0edd972d51ecc:21300000"
289,Unclassified,"GRH_6483",4,1,29,"7405f66751dc884438ca6ac2155dbb3d:21300000"
290,Unclassified,"GRH_6484",4,1,29,"086c3c174d5e7f143b043afbd761d4dc:21300000"
291,Unclassified,"GRH_6485",4,1,29,"d050b59944243d54386b8a6c6c6afb87:21300000"
292,Unclassified,"GRH_6486",4,1,29,"0d3406070100f8b4aac1bcfa81e428cd:21300000"
293,Unclassified,"GRH_6487",4,1,29,"f8f6688563db43e46b3c7f315517afd3:21300000"
294,Unclassified,"GRH_6504",4,1,29,"c5feaa220d926264dbbc4983cb639641:21300000"
295,Unclassified,"GRH_6505",4,1,29,"694c20398520d4248baf64b19a2494d2:21300000"
296,Unclassified,"GRH_6508",4,1,29,"f1bc519ceff6e77498fb06a758dbc829:21300000"
297,Unclassified,"GRH_6511",4,1,29,"3749fef330f24874c816482f99379bd9:21300000"
298,Unclassified,"GRH_6519",4,1,29,"20a93f458b022334ba22c470549e3995:21300000"
299,Unclassified,"GRH_6522",4,1,29,"47a2869f5d778df4da108158f7670198:21300000"
300,Unclassified,"GRH_6526",4,1,29,"ec22eaa32e354084fbc64305e12c7443:21300000"
301,Unclassified,"GRH_9124",4,1,29,"a2a89bf17540d7042a1e743df8d24fc2:21300000"
302,Unclassified,"GRH_9127",4,1,29,"e1d305b409694524f89d7ceee7c698d2:21300000"
303,Unclassified,"GRH_9130",4,1,29,"660bc038ed8085d4db32fa0a1ecd1c61:21300000"
304,Unclassified,"GRH_16185",3,1,28,"1e8c22e26ea0e0e4c921d73a72d1d13c:21300000"
305,Unclassified,"GRH_17031",3,1,28,"f7c41653efcd3aa4a9cb119636e7721e:21300000"
306,Unclassified,"GRH_17046",3,1,28,"27c43411af21b8949b1c21873a4c632e:21300000"
307,Unclassified,"GRH_6047",3,1,28,"c38c75f5f4fe1a14baafd96a26481aa9:21300000"
308,Unclassified,"GRH_6084",3,1,28,"cc405dac7681110428693ca9d1388fea:21300000"
309,Unclassified,"GRH_6085",3,1,28,"b657d9b18ee34f6408d32acadcdd94d1:21300000"
310,Unclassified,"GRH_6086",3,1,28,"960c302ab01cb22408c62d9850a01c42:21300000"
311,Unclassified,"GRH_6087",3,1,28,"1bfe38c089b721345938bc75bfe48a07:21300000"
312,Unclassified,"GRH_6088",3,1,28,"01f9fd8268d4d2448831c50d8425d114:21300000"
313,Unclassified,"GRH_6089",3,1,28,"379b03a337746444a90aa11471d5af92:21300000"
314,Unclassified,"GRH_6090",3,1,28,"fe2909c3c56b80d4ba47017dec4b887c:21300000"
315,Unclassified,"GRH_6091",3,1,28,"305244a6fa0ee2141ba7dbd23a89bf55:21300000"
316,Unclassified,"GRH_6092",3,1,28,"124aef2dca2deeb4ab8f36551ae346b7:21300000"
317,Unclassified,"GRH_6093",3,1,28,"b7aa8e3fb11e7034a89133f92bb01b07:21300000"
318,Unclassified,"GRH_6094",3,1,28,"eedc24cc5e9a1f94484cbe4dcc79f764:21300000"
319,Unclassified,"GRH_6095",3,1,28,"193358f503aec0746b296d18dcb5a988:21300000"
320,Unclassified,"GRH_60995",3,1,28,"c0d4b0865bb9edd439a5406017ace553:21300000"
321,Unclassified,"GRH_60999",3,1,28,"78e5d04a3d9489c4ab956543d2708a2a:21300000"
322,Unclassified,"GRH_61009",3,1,28,"7f2d6f4a8d0a2f7428e19a03efb08f90:21300000"
323,Unclassified,"GRH_61107",3,1,28,"8a4f224f2f4436748a2dd75e093c6d1f:21300000"
324,Unclassified,"GRH_61326",3,1,28,"357fd56a8ae11c6438e254f57f11ef1f:21300000"
325,Unclassified,"GRH_61327",3,1,28,"149d36f955aa1e243a56eaafd5fa5369:21300000"
326,Unclassified,"GRH_61330",3,1,28,"58b4f0027a9c0fd40ae5cc511e070154:21300000"
327,Unclassified,"GRH_61331",3,1,28,"555c204fcd618c747ac4e892dce71ce4:21300000"
328,Unclassified,"GRH_61334",3,1,28,"c806ce4414281714f881408f3b2a9475:21300000"
329,Unclassified,"GRH_61335",3,1,28,"7576c2a88b66c39439c6399122997a7b:21300000"
330,Unclassified,"GRH_61338",3,1,28,"ac55a951cb9bbe8489942c0f75754beb:21300000"
331,Unclassified,"GRH_61339",3,1,28,"d004e7e90854ad349b1aba3eb7dd3103:21300000"
332,Unclassified,"GRH_61350",3,1,28,"157c563d3330ae04fbd175f34d047f60:21300000"
333,Unclassified,"GRH_61354",3,1,28,"4dd3d11799bbbc4478e7606ad4ed66a2:21300000"
334,Unclassified,"GRH_61455",3,1,28,"0dd4231a415259948a6201581730964a:21300000"
335,Unclassified,"GRH_61459",3,1,28,"a7e2c4e49f97c9c48af466c6e68ca449:21300000"
336,Unclassified,"GRH_61463",3,1,28,"9c66cb9cfbb31da4cbb045cfcf36e914:21300000"
337,Unclassified,"GRH_61467",3,1,28,"b2d71ee63b639bf4ba632fe6680e2c77:21300000"
338,Unclassified,"GRH_61742",3,1,28,"e43836ae05f8fd140b72d165697b06de:21300000"
339,Unclassified,"GRH_61743",3,1,28,"771aacff9a596814e9f170b18bd4503d:21300000"
340,Unclassified,"GRH_61746",3,1,28,"511ddf7f10448ac4a985f87fd4c69d5a:21300000"
341,Unclassified,"GRH_61747",3,1,28,"ab8fb65362b6f25439a56259b8ac4f21:21300000"
342,Unclassified,"GRH_61750",3,1,28,"438e8c8e010fd3c4e8a184239fe3d74a:21300000"
343,Unclassified,"GRH_61751",3,1,28,"c7371dc4e2caddc4aaf48f92bb417bd5:21300000"
344,Unclassified,"GRH_61754",3,1,28,"542dc9caae7335a45911c2c734772bf1:21300000"
345,Unclassified,"GRH_61755",3,1,28,"f4381fd2e631613478f4a87a65b64be6:21300000"
346,Unclassified,"GRH_6304",3,1,28,"c2101f6993b502a4ab20446446c17faf:21300000"
347,Unclassified,"GRH_6307",3,1,28,"e3742ff7894849542af4c5154a25cfca:21300000"
348,Unclassified,"GRH_6308",3,1,28,"0fe0b4ab1b577f04e80a50536c61b22b:21300000"
349,Unclassified,"GRH_6309",3,1,28,"2519d8dabcbc2c54a807ca67f1e465ba:21300000"
350,Unclassified,"GRH_6310",3,1,28,"ab28da92ce99cdb429f1318a76430f8b:21300000"
351,Unclassified,"GRH_6312",3,1,28,"626b02cbbbfb2f647a5add2d9d912fef:21300000"
352,Unclassified,"GRH_6313",3,1,28,"1257914355c15a648a0fea12dff60e28:21300000"
353,Unclassified,"GRH_6314",3,1,28,"08ec42f4dc3403345b5bafdaed91e514:21300000"
354,Unclassified,"GRH_6316",3,1,28,"525844afb0a4e1440854f6d6f0cf7a99:21300000"
355,Unclassified,"GRH_6317",3,1,28,"86176432c102f26449c1a7970849106b:21300000"
356,Unclassified,"GRH_6341",3,1,28,"2bffc7a70b035ce48b436da2bcd037d6:21300000"
357,Unclassified,"GRH_6342",3,1,28,"3af3b6cdb0497b54f81d6b11221faff1:21300000"
358,Unclassified,"GRH_6343",3,1,28,"470c438bc5d971b459458485af0e65ab:21300000"
359,Unclassified,"GRH_6345",3,1,28,"b061891323a5e684caa402ecee8a490a:21300000"
360,Unclassified,"GRH_6346",3,1,28,"c79bb933df00bd24197f08fd96de7c91:21300000"
361,Unclassified,"GRH_6347",3,1,28,"aa9b754901dc62d478e1c0599c5eacca:21300000"
362,Unclassified,"GRH_6348",3,1,28,"4d2a25ff3b040554cbf88b25ba6c0fff:21300000"
363,Unclassified,"GRH_6349",3,1,28,"3529419677d275a4fa22b67c3c220f87:21300000"
364,Unclassified,"GRH_6350",3,1,28,"1bc3091529d13cd4881ea63fc56e6468:21300000"
365,Unclassified,"GRH_6351",3,1,28,"aa467bb62270fb54083b0c8ad0399d62:21300000"
366,Unclassified,"GRH_6423",3,1,28,"9e3120ad21b882d49a301b9a8abcb508:21300000"
367,Unclassified,"GRH_6427",3,1,28,"956bb14572633cb4d83e7427a314bb47:21300000"
368,Unclassified,"GRH_6460",3,1,28,"72cf4e24ed4566c4eaad87a80c01a836:21300000"
369,Unclassified,"GRH_6461",3,1,28,"537d0fc5aceff6a49b9d50c2e955d475:21300000"
370,Unclassified,"GRH_6472",3,1,28,"269fe1b5ce1355542814210d1a861f48:21300000"
371,Unclassified,"GRH_6473",3,1,28,"47d8c6d36a4f51f4d93e6372056f135a:21300000"
372,Unclassified,"GRH_6474",3,1,28,"fc50be8e63666a2448587e3829c426f3:21300000"
373,Unclassified,"GRH_6476",3,1,28,"9f13581ab1a81534dae3f3fe5e9f4c6d:21300000"
374,Unclassified,"GRH_6509",3,1,28,"3b0ec6fb0f35ca848912ef07f210365f:21300000"
375,Unclassified,"GRH_6515",3,1,28,"375c88b17495c8c4fada2fbe5945d407:21300000"
376,Unclassified,"GRH_6523",3,1,28,"0f5d15f65b71e38438f1354d0ef3df9f:21300000"
377,Unclassified,"GRH_6527",3,1,28,"30bddfed7d07faf4a8a38d22d4ca347b:21300000"
378,Unclassified,"GRH_6537",3,1,28,"9574b0008ffa8944aa3eaecd91a61482:21300000"
379,Unclassified,"GRH_6538",3,1,28,"dd92b982db649a140b9c600afd0541d8:21300000"
380,Unclassified,"GRH_6542",3,1,28,"0f2eef68ee7f88448a44d7e323e38d14:21300000"
381,Unclassified,"GRH_1514",2,1,27,"81fe0968d28eb124994adda099422429:21300000"
382,Unclassified,"GRH_1518",2,1,27,"650d4e90a6edfad459b86f1aee2c3c5b:21300000"
383,Unclassified,"GRH_17051",2,1,27,"6bdc2bd0cae19f542ad24944c0ce0726:21300000"
384,Unclassified,"GRH_17055",2,1,27,"473cc53d650d2e740868b4f188e26a50:21300000"
385,Unclassified,"GRH_308",2,1,27,"002315065f4ae0549818628397f63a27:21300000"
386,Unclassified,"GRH_60924",2,1,27,"063d64b17cf3c464e8fe47cd940e2817:21300000"
387,Unclassified,"GRH_60925",2,1,27,"4dbfd5e7346560b4790ad96e480332e8:21300000"
388,Unclassified,"GRH_60928",2,1,27,"3ef7da02f5705cf44862c07f8005a9a5:21300000"
389,Unclassified,"GRH_60929",2,1,27,"62a0efca8efcac844816e4bd101adca3:21300000"
390,Unclassified,"GRH_60932",2,1,27,"a818d7fb25495e34bad4be1fdd85da3c:21300000"
391,Unclassified,"GRH_60933",2,1,27,"305cbdcf0066fe542b79580035a8e0b1:21300000"
392,Unclassified,"GRH_60936",2,1,27,"ba7270efe07a8724794efff670308184:21300000"
393,Unclassified,"GRH_60937",2,1,27,"76e8aa0cf6a71204982f041866788d0c:21300000"
394,Unclassified,"GRH_60972",2,1,27,"d68916dd53c45be4f8434a863be7bb1d:21300000"
395,Unclassified,"GRH_60973",2,1,27,"85b8060ea2c9d814fb0ee4cdb1ed9fea:21300000"
396,Unclassified,"GRH_60974",2,1,27,"201c094d232e5a149ab1c7b3e2a9bb27:21300000"
397,Unclassified,"GRH_60975",2,1,27,"87bd345ee6b59054e8859e5f9e25274d:21300000"
398,Unclassified,"GRH_60976",2,1,27,"36fd3b1ed5cb9a14a972b6b295d12192:21300000"
399,Unclassified,"GRH_60977",2,1,27,"8bee4b93d97965640ae411f004cbed2b:21300000"
400,Unclassified,"GRH_60978",2,1,27,"ec3c36604a687c1428deec2bc95719d2:21300000"
401,Unclassified,"GRH_60979",2,1,27,"ed26a44e5ccf79b48b89578654f913fa:21300000"
402,Unclassified,"GRH_60980",2,1,27,"cdee89cd642528940bf6d7c3f93ab446:21300000"
403,Unclassified,"GRH_60981",2,1,27,"f7c8958734196104892c6161cff39b69:21300000"
404,Unclassified,"GRH_60982",2,1,27,"620e3d18ae25a604e80c5d7be777e1e0:21300000"
405,Unclassified,"GRH_60983",2,1,27,"e31aeaa29c97fcc40ba2f8994a9e8e17:21300000"
406,Unclassified,"GRH_60985",2,1,27,"438d1fc4aed86e14a9a1be780e54e761:21300000"
407,Unclassified,"GRH_60986",2,1,27,"20991a1bdf2382d4bbf0042950daf89a:21300000"
408,Unclassified,"GRH_60987",2,1,27,"36e80b7cacab0fc409aca6447ef23121:21300000"
409,Unclassified,"GRH_61005",2,1,27,"bb16a07709ec878438f3bdc3330313ce:21300000"
410,Unclassified,"GRH_61006",2,1,27,"14665dbc7089a2a4583ade35898667bb:21300000"
411,Unclassified,"GRH_61100",2,1,27,"7befad0144778ec4cae304b31fab6563:21300000"
412,Unclassified,"GRH_61101",2,1,27,"00adf9579ef3436448de5a13a85b599d:21300000"
413,Unclassified,"GRH_61102",2,1,27,"06462eecf35d6154faf017c69b14b14d:21300000"
414,Unclassified,"GRH_61103",2,1,27,"060c58f97acf78542b16d2fe6a408119:21300000"
415,Unclassified,"GRH_61104",2,1,27,"65abe10462227c543ad44ffc2013d07b:21300000"
416,Unclassified,"GRH_61196",2,1,27,"2f9c39ec483b2ba469ec2889be72c66b:21300000"
417,Unclassified,"GRH_61197",2,1,27,"e43b29cb64dde0247a615d3db4a8724b:21300000"
418,Unclassified,"GRH_61198",2,1,27,"a164d409512c5ae4094466d22fc18099:21300000"
419,Unclassified,"GRH_61199",2,1,27,"43f157b843c5de546903ec5cc32f9acf:21300000"
420,Unclassified,"GRH_61200",2,1,27,"ba051ffdf043bf64b91514314e935857:21300000"
421,Unclassified,"GRH_61201",2,1,27,"ad1fe3cafab82944a8c5b399716e6951:21300000"
422,Unclassified,"GRH_61202",2,1,27,"62fc1096c88af8045aee57156c07ddc8:21300000"
423,Unclassified,"GRH_61203",2,1,27,"98e86ec9e12ccbe4d85adcbf338a92e9:21300000"
424,Unclassified,"GRH_61204",2,1,27,"e1c1855378affa44087b891857656f7e:21300000"
425,Unclassified,"GRH_61205",2,1,27,"9155aeee064e7004292ecf6a46c19c75:21300000"
426,Unclassified,"GRH_61206",2,1,27,"2db2e73bad7efff40ab131cb3cbd303e:21300000"
427,Unclassified,"GRH_61207",2,1,27,"27db7050b6840d447a48e61ecf962181:21300000"
428,Unclassified,"GRH_61208",2,1,27,"0268d034a5b41cc47b4f43e37bc01afa:21300000"
429,Unclassified,"GRH_61209",2,1,27,"e666906e7d9aa3147a5eaadb92782b90:21300000"
430,Unclassified,"GRH_61210",2,1,27,"13dfdc39b68994d4d9a3785e9331623c:21300000"
431,Unclassified,"GRH_61211",2,1,27,"ddc2c3bfc5a195144b754c64e833e1dc:21300000"
432,Unclassified,"GRH_61324",2,1,27,"8c1f23b77ad456c48a70fc3f2e1dfa72:21300000"
433,Unclassified,"GRH_61325",2,1,27,"7f78fc6eaf470f04881034dfc50e4c1b:21300000"
434,Unclassified,"GRH_61328",2,1,27,"a98a70779bb1a014b9d1d02df250ec9b:21300000"
435,Unclassified,"GRH_61329",2,1,27,"a075b4e1c7aa9e242b77a4fd59da099d:21300000"
436,Unclassified,"GRH_61332",2,1,27,"aacf0cde31098c24ea397b572f4b983d:21300000"
437,Unclassified,"GRH_61333",2,1,27,"f6521eeb3255ad54caf4fb7f4eef1ce6:21300000"
438,Unclassified,"GRH_61336",2,1,27,"b3c5ec0eebc73f749bca278e09c5ba06:21300000"
439,Unclassified,"GRH_61337",2,1,27,"655eca4239aa6e643ad056dc7815e95c:21300000"
440,Unclassified,"GRH_61341",2,1,27,"b9a2904e92de75a44ac6c7bda4c585ad:21300000"
441,Unclassified,"GRH_61342",2,1,27,"412a9e9a4f6b0d745a6460a4895da647:21300000"
442,Unclassified,"GRH_61345",2,1,27,"68cea0902c5500c46be3780bda66b96d:21300000"
443,Unclassified,"GRH_61346",2,1,27,"cb34a844ca3329944a6ee3190148054f:21300000"
444,Unclassified,"GRH_61353",2,1,27,"0b3104285f3e0394d972b6694812d982:21300000"
445,Unclassified,"GRH_61386",2,1,27,"13d657eb58cb57b47b6d1a11fd3b5f3a:21300000"
446,Unclassified,"GRH_61740",2,1,27,"de7378b3b773b324599780e8a3af0909:21300000"
447,Unclassified,"GRH_61741",2,1,27,"85699982a66dc814a868245dd8f3027a:21300000"
448,Unclassified,"GRH_61744",2,1,27,"28fb3d4b79020634baf4c23603749f97:21300000"
449,Unclassified,"GRH_61745",2,1,27,"57ba956bf3c441d49b53629e65dbb09d:21300000"
450,Unclassified,"GRH_61748",2,1,27,"4edb7c84750bbf745a52f8d9291d533e:21300000"
451,Unclassified,"GRH_61749",2,1,27,"91c41436ec80cb848975456ea22ceaed:21300000"
452,Unclassified,"GRH_61752",2,1,27,"ed47ac11521c4cf4491606ff178ef5f2:21300000"
453,Unclassified,"GRH_61753",2,1,27,"214860d92d29732459a2fe8d1c2127b1:21300000"
454,Unclassified,"GRH_61895",2,1,27,"4f0c48ffafe4b2c499831ac838582d2a:21300000"
455,Unclassified,"GRH_6305",2,1,27,"7ace853c47297de40baebfb5f80e63cd:21300000"
456,Unclassified,"GRH_6306",2,1,27,"f8dd35fe2af49b4419694ab1882cfc66:21300000"
457,Unclassified,"GRH_6311",2,1,27,"56516fc807b32f3409e57c29e163678d:21300000"
458,Unclassified,"GRH_6315",2,1,27,"b7b68dc686ee31e4fbcddc2ea1c11296:21300000"
459,Unclassified,"GRH_6318",2,1,27,"a2eb3906207c97d449f82a67017b0609:21300000"
460,Unclassified,"GRH_6319",2,1,27,"9964a9d92ea37b6479666cc74e3ebe8d:21300000"
461,Unclassified,"GRH_6355",2,1,27,"abbfd587b36b3834f8986d5fb07962f4:21300000"
462,Unclassified,"GRH_6356",2,1,27,"3edd8632fefe7d6478ac630c83ea45eb:21300000"
463,Unclassified,"GRH_6359",2,1,27,"8b3d2799ca13782408eadee9bfc23360:21300000"
464,Unclassified,"GRH_6361",2,1,27,"b69cf77a568a80b4fa0a16c8568925d6:21300000"
465,Unclassified,"GRH_6363",2,1,27,"c03817a517697284e889d290008e6719:21300000"
466,Unclassified,"GRH_6364",2,1,27,"ffa6cb29ceb16184fa39740c47fbcacc:21300000"
467,Unclassified,"GRH_6385",2,1,27,"b0ad359aca092ae4788f7ac1f61acd30:21300000"
468,Unclassified,"GRH_6386",2,1,27,"9b4e56f1668382049a46a73918470b68:21300000"
469,Unclassified,"GRH_6388",2,1,27,"2c4a758dd09d8164aae4be2692262ff4:21300000"
470,Unclassified,"GRH_6429",2,1,27,"a872ff47e7adbea42bfea39ed5823ad4:21300000"
471,Unclassified,"GRH_6431",2,1,27,"85fb9eec0fd55e04dba2e159cdc11960:21300000"
472,Unclassified,"GRH_6464",2,1,27,"cefbe46b24d26964a9acb97acaa57b37:21300000"
473,Unclassified,"GRH_6465",2,1,27,"5b002cf6cc9c67648baae0f660532cb7:21300000"
474,Unclassified,"GRH_6466",2,1,27,"b43a39518a0c3264098633bc0e44c7c2:21300000"
475,Unclassified,"GRH_6468",2,1,27,"29a08a58d1943f145916b201eb5eb2cf:21300000"
476,Unclassified,"GRH_6469",2,1,27,"fdf28da6b5ae04c43afe4c5caf913ed8:21300000"
477,Unclassified,"GRH_6470",2,1,27,"4c10a6ef4ef237b4093d5bc195219f5e:21300000"
478,Unclassified,"GRH_6477",2,1,27,"099ca37c0c17d9f458cfcd3fe2d7f4cf:21300000"
479,Unclassified,"GRH_6478",2,1,27,"d8fdb0438e865fa4e8dba471fca9bb52:21300000"
480,Unclassified,"GRH_6541",2,1,27,"f2b0d08ab8df41e48aa9a015f23c7daa:21300000"
481,Unclassified,"GRH_6543",2,1,27,"1d33f75511a39b144982d2f7f3bfdc65:21300000"
482,Unclassified,"GRH_1505",1,1,26,"4e6ade15f6f2deb4ea342d1b387dbce1:21300000"
483,Unclassified,"GRH_1507",1,1,26,"cd530e4317909914581f3e9b0c47237d:21300000"
484,Unclassified,"GRH_1508",1,1,26,"ad7373deedb4e214da6f4d9c6601a8ca:21300000"
485,Unclassified,"GRH_15097",1,1,26,"dbfaceff27476184d8a22964e2c09dc3:21300000"
486,Unclassified,"GRH_15098",1,1,26,"6466c86d2aa1bf740ba0198739ea02a6:21300000"
487,Unclassified,"GRH_15099",1,1,26,"f36e1424dbdc3b545a2b5f81e7c89f2c:21300000"
488,Unclassified,"GRH_1513",1,1,26,"b45a71624ac82c449a9b139d31d73cf7:21300000"
489,Unclassified,"GRH_1515",1,1,26,"220eaf152cb64b841adf4a7dd24eec92:21300000"
490,Unclassified,"GRH_1516",1,1,26,"cbf6dbd1eb005c8408db2227d5adc73b:21300000"
491,Unclassified,"GRH_1517",1,1,26,"10991f8880037984f89b2b1f168e7d6b:21300000"
492,Unclassified,"GRH_1519",1,1,26,"d8cae0f923ed23d4784b5d4ffc5987db:21300000"
493,Unclassified,"GRH_1520",1,1,26,"9b3f8a70e858b194e97a0d9aaa47b159:21300000"
494,Unclassified,"GRH_16181",1,1,26,"355b2d00332f7044fbefda325d0cb66e:21300000"
495,Unclassified,"GRH_17837",1,1,26,"7d895916d472b694bad286289b45b34b:21300000"
496,Unclassified,"GRH_28254",1,1,26,"a1a878dcbd1f46342a8059c151725735:21300000"
497,Unclassified,"GRH_6065",1,1,26,"ce9d04e0a0027f54e8ca05f3b5c717dd:21300000"
498,Unclassified,"GRH_60952",1,1,26,"95c8c682c09649348b9c4bfea8ae211e:21300000"
499,Unclassified,"GRH_60984",1,1,26,"8384d1b2a24cf6b4498ecc495e3653e7:21300000"
500,Unclassified,"GRH_61004",1,1,26,"57b0139de90fcc44abcd01c87b769d49:21300000"
