graphicId,category,semanticConfidence,visualCategory,visualConfidence,usage,maps,impact,priority,originalFileNum,sourceTexturePath,cropX,cropY,cropWidth,cropHeight,referencePng
6003,"Grass",0.970,"Grass",1.000,5729,13,6054,5872,6000,"Assets/AOMigrator/MapVisualV063/Textures/tex_6000.png",96,0,32,32,"Assets/AOMigrator/TerrainHDPipelineData/HiggsPrep_v029/Grass/GRH_6003_reference.png"
6015,"Grass",0.970,"Grass",1.000,5679,13,6004,5824,6000,"Assets/AOMigrator/MapVisualV063/Textures/tex_6000.png",96,96,32,32,"Assets/AOMigrator/TerrainHDPipelineData/HiggsPrep_v029/Grass/GRH_6015_reference.png"
6007,"Grass",0.970,"Grass",1.000,5671,13,5996,5816,6000,"Assets/AOMigrator/MapVisualV063/Textures/tex_6000.png",96,32,32,32,"Assets/AOMigrator/TerrainHDPipelineData/HiggsPrep_v029/Grass/GRH_6007_reference.png"
6014,"Grass",0.970,"Grass",1.000,5667,13,5992,5812,6000,"Assets/AOMigrator/MapVisualV063/Textures/tex_6000.png",64,96,32,32,"Assets/AOMigrator/TerrainHDPipelineData/HiggsPrep_v029/Grass/GRH_6014_reference.png"
6002,"Grass",0.970,"Grass",1.000,5663,13,5988,5808,6000,"Assets/AOMigrator/MapVisualV063/Textures/tex_6000.png",64,0,32,32,"Assets/AOMigrator/TerrainHDPipelineData/HiggsPrep_v029/Grass/GRH_6002_reference.png"
6006,"Grass",0.970,"Grass",1.000,5595,13,5920,5742,6000,"Assets/AOMigrator/MapVisualV063/Textures/tex_6000.png",64,32,32,32,"Assets/AOMigrator/TerrainHDPipelineData/HiggsPrep_v029/Grass/GRH_6006_reference.png"
6000,"Grass",0.970,"Grass",1.000,5586,13,5911,5734,6000,"Assets/AOMigrator/MapVisualV063/Textures/tex_6000.png",0,0,32,32,"Assets/AOMigrator/TerrainHDPipelineData/HiggsPrep_v029/Grass/GRH_6000_reference.png"
6011,"Grass",0.970,"Grass",1.000,5572,13,5897,5720,6000,"Assets/AOMigrator/MapVisualV063/Textures/tex_6000.png",96,64,32,32,"Assets/AOMigrator/TerrainHDPipelineData/HiggsPrep_v029/Grass/GRH_6011_reference.png"
6012,"Grass",0.970,"Grass",1.000,5547,13,5872,5696,6000,"Assets/AOMigrator/MapVisualV063/Textures/tex_6000.png",0,96,32,32,"Assets/AOMigrator/TerrainHDPipelineData/HiggsPrep_v029/Grass/GRH_6012_reference.png"
6008,"Grass",0.970,"Grass",1.000,5515,13,5840,5665,6000,"Assets/AOMigrator/MapVisualV063/Textures/tex_6000.png",0,64,32,32,"Assets/AOMigrator/TerrainHDPipelineData/HiggsPrep_v029/Grass/GRH_6008_reference.png"
6001,"Grass",0.970,"Grass",1.000,5498,13,5823,5648,6000,"Assets/AOMigrator/MapVisualV063/Textures/tex_6000.png",32,0,32,32,"Assets/AOMigrator/TerrainHDPipelineData/HiggsPrep_v029/Grass/GRH_6001_reference.png"
6004,"Grass",0.970,"Grass",1.000,5497,13,5822,5647,6000,"Assets/AOMigrator/MapVisualV063/Textures/tex_6000.png",0,32,32,32,"Assets/AOMigrator/TerrainHDPipelineData/HiggsPrep_v029/Grass/GRH_6004_reference.png"
6010,"Grass",0.970,"Grass",1.000,5445,13,5770,5597,6000,"Assets/AOMigrator/MapVisualV063/Textures/tex_6000.png",64,64,32,32,"Assets/AOMigrator/TerrainHDPipelineData/HiggsPrep_v029/Grass/GRH_6010_reference.png"
6005,"Grass",0.970,"Grass",1.000,5428,13,5753,5580,6000,"Assets/AOMigrator/MapVisualV063/Textures/tex_6000.png",32,32,32,32,"Assets/AOMigrator/TerrainHDPipelineData/HiggsPrep_v029/Grass/GRH_6005_reference.png"
6013,"Grass",0.970,"Grass",1.000,5414,13,5739,5567,6000,"Assets/AOMigrator/MapVisualV063/Textures/tex_6000.png",32,96,32,32,"Assets/AOMigrator/TerrainHDPipelineData/HiggsPrep_v029/Grass/GRH_6013_reference.png"
6009,"Grass",0.970,"Grass",1.000,5287,13,5612,5444,6000,"Assets/AOMigrator/MapVisualV063/Textures/tex_6000.png",32,64,32,32,"Assets/AOMigrator/TerrainHDPipelineData/HiggsPrep_v029/Grass/GRH_6009_reference.png"
6333,"Grass",0.960,"Grass",1.000,816,13,1141,1095,6215,"Assets/AOMigrator/MapVisualV063/Textures/tex_6215.png",160,96,32,32,"Assets/AOMigrator/TerrainHDPipelineData/HiggsPrep_v029/Grass/GRH_6333_reference.png"
6334,"Grass",0.953,"Grass",1.000,671,13,996,950,6215,"Assets/AOMigrator/MapVisualV063/Textures/tex_6215.png",192,96,32,32,"Assets/AOMigrator/TerrainHDPipelineData/HiggsPrep_v029/Grass/GRH_6334_reference.png"
6332,"Grass",0.960,"Grass",1.000,392,12,692,664,6215,"Assets/AOMigrator/MapVisualV063/Textures/tex_6215.png",128,96,32,32,"Assets/AOMigrator/TerrainHDPipelineData/HiggsPrep_v029/Grass/GRH_6332_reference.png"
6335,"Grass",0.960,"Grass",1.000,388,12,688,660,6215,"Assets/AOMigrator/MapVisualV063/Textures/tex_6215.png",224,96,32,32,"Assets/AOMigrator/TerrainHDPipelineData/HiggsPrep_v029/Grass/GRH_6335_reference.png"
6323,"Grass",0.960,"Grass",1.000,354,12,654,628,6215,"Assets/AOMigrator/MapVisualV063/Textures/tex_6215.png",224,0,32,32,"Assets/AOMigrator/TerrainHDPipelineData/HiggsPrep_v029/Grass/GRH_6323_reference.png"
6321,"Grass",0.960,"Grass",1.000,378,11,653,627,6215,"Assets/AOMigrator/MapVisualV063/Textures/tex_6215.png",160,0,32,32,"Assets/AOMigrator/TerrainHDPipelineData/HiggsPrep_v029/Grass/GRH_6321_reference.png"
61266,"Grass",0.970,"Grass",1.000,362,11,637,618,5087,"Assets/AOMigrator/MapVisualV063/Textures/tex_5087.png",320,672,32,32,"Assets/AOMigrator/TerrainHDPipelineData/HiggsPrep_v029/Grass/GRH_61266_reference.png"
6320,"Grass",0.960,"Grass",1.000,365,11,640,614,6215,"Assets/AOMigrator/MapVisualV063/Textures/tex_6215.png",128,0,32,32,"Assets/AOMigrator/TerrainHDPipelineData/HiggsPrep_v029/Grass/GRH_6320_reference.png"
14290,"Dirt",0.940,"Dirt",1.000,1150,5,1275,1198,5082,"Assets/AOMigrator/MapVisualV063/Textures/tex_5082.png",96,576,32,32,"Assets/AOMigrator/TerrainHDPipelineData/HiggsPrep_v029/Dirt/GRH_14290_reference.png"
49556,"Dirt",0.940,"Dirt",1.000,982,8,1182,1111,5068,"Assets/AOMigrator/MapVisualV063/Generated/PaddedTextures/tex_5068_padded.asset",416,128,32,32,"Assets/AOMigrator/TerrainHDPipelineData/HiggsPrep_v029/Dirt/GRH_49556_reference.png"
14288,"Dirt",0.940,"Dirt",1.000,1050,5,1175,1104,5082,"Assets/AOMigrator/MapVisualV063/Textures/tex_5082.png",32,576,32,32,"Assets/AOMigrator/TerrainHDPipelineData/HiggsPrep_v029/Dirt/GRH_14288_reference.png"
14289,"Dirt",0.940,"Dirt",1.000,1040,5,1165,1095,5082,"Assets/AOMigrator/MapVisualV063/Textures/tex_5082.png",64,576,32,32,"Assets/AOMigrator/TerrainHDPipelineData/HiggsPrep_v029/Dirt/GRH_14289_reference.png"
49555,"Dirt",0.940,"Dirt",1.000,957,8,1157,1088,5068,"Assets/AOMigrator/MapVisualV063/Generated/PaddedTextures/tex_5068_padded.asset",384,128,32,32,"Assets/AOMigrator/TerrainHDPipelineData/HiggsPrep_v029/Dirt/GRH_49555_reference.png"
49553,"Dirt",0.940,"Dirt",1.000,935,8,1135,1067,5068,"Assets/AOMigrator/MapVisualV063/Generated/PaddedTextures/tex_5068_padded.asset",416,96,32,32,"Assets/AOMigrator/TerrainHDPipelineData/HiggsPrep_v029/Dirt/GRH_49553_reference.png"
49552,"Dirt",0.940,"Dirt",1.000,920,8,1120,1053,5068,"Assets/AOMigrator/MapVisualV063/Generated/PaddedTextures/tex_5068_padded.asset",384,96,32,32,"Assets/AOMigrator/TerrainHDPipelineData/HiggsPrep_v029/Dirt/GRH_49552_reference.png"
14286,"Dirt",0.940,"Dirt",1.000,985,5,1110,1043,5082,"Assets/AOMigrator/MapVisualV063/Textures/tex_5082.png",96,544,32,32,"Assets/AOMigrator/TerrainHDPipelineData/HiggsPrep_v029/Dirt/GRH_14286_reference.png"
14282,"Dirt",0.940,"Dirt",1.000,950,5,1075,1010,5082,"Assets/AOMigrator/MapVisualV063/Textures/tex_5082.png",96,512,32,32,"Assets/AOMigrator/TerrainHDPipelineData/HiggsPrep_v029/Dirt/GRH_14282_reference.png"
14287,"Dirt",0.940,"Dirt",1.000,920,5,1045,982,5082,"Assets/AOMigrator/MapVisualV063/Textures/tex_5082.png",0,576,32,32,"Assets/AOMigrator/TerrainHDPipelineData/HiggsPrep_v029/Dirt/GRH_14287_reference.png"
14284,"Dirt",0.940,"Dirt",1.000,905,5,1030,968,5082,"Assets/AOMigrator/MapVisualV063/Textures/tex_5082.png",32,544,32,32,"Assets/AOMigrator/TerrainHDPipelineData/HiggsPrep_v029/Dirt/GRH_14284_reference.png"
14285,"Dirt",0.940,"Dirt",1.000,900,5,1025,964,5082,"Assets/AOMigrator/MapVisualV063/Textures/tex_5082.png",64,544,32,32,"Assets/AOMigrator/TerrainHDPipelineData/HiggsPrep_v029/Dirt/GRH_14285_reference.png"
14281,"Dirt",0.940,"Dirt",1.000,895,5,1020,959,5082,"Assets/AOMigrator/MapVisualV063/Textures/tex_5082.png",64,512,32,32,"Assets/AOMigrator/TerrainHDPipelineData/HiggsPrep_v029/Dirt/GRH_14281_reference.png"
14278,"Dirt",0.940,"Dirt",1.000,890,5,1015,954,5082,"Assets/AOMigrator/MapVisualV063/Textures/tex_5082.png",96,480,32,32,"Assets/AOMigrator/TerrainHDPipelineData/HiggsPrep_v029/Dirt/GRH_14278_reference.png"
14280,"Dirt",0.940,"Dirt",1.000,875,5,1000,940,5082,"Assets/AOMigrator/MapVisualV063/Textures/tex_5082.png",32,512,32,32,"Assets/AOMigrator/TerrainHDPipelineData/HiggsPrep_v029/Dirt/GRH_14280_reference.png"
14277,"Dirt",0.940,"Dirt",1.000,825,5,950,893,5082,"Assets/AOMigrator/MapVisualV063/Textures/tex_5082.png",64,480,32,32,"Assets/AOMigrator/TerrainHDPipelineData/HiggsPrep_v029/Dirt/GRH_14277_reference.png"
14276,"Dirt",0.940,"Dirt",1.000,795,5,920,865,5082,"Assets/AOMigrator/MapVisualV063/Textures/tex_5082.png",32,480,32,32,"Assets/AOMigrator/TerrainHDPipelineData/HiggsPrep_v029/Dirt/GRH_14276_reference.png"
14283,"Dirt",0.940,"Dirt",1.000,760,5,885,832,5082,"Assets/AOMigrator/MapVisualV063/Textures/tex_5082.png",0,544,32,32,"Assets/AOMigrator/TerrainHDPipelineData/HiggsPrep_v029/Dirt/GRH_14283_reference.png"
49554,"Dirt",0.940,"Dirt",1.000,680,8,880,827,5068,"Assets/AOMigrator/MapVisualV063/Generated/PaddedTextures/tex_5068_padded.asset",352,128,32,32,"Assets/AOMigrator/TerrainHDPipelineData/HiggsPrep_v029/Dirt/GRH_49554_reference.png"
14279,"Dirt",0.940,"Dirt",1.000,740,5,865,813,5082,"Assets/AOMigrator/MapVisualV063/Textures/tex_5082.png",0,512,32,32,"Assets/AOMigrator/TerrainHDPipelineData/HiggsPrep_v029/Dirt/GRH_14279_reference.png"
49551,"Dirt",0.940,"Dirt",1.000,643,8,843,792,5068,"Assets/AOMigrator/MapVisualV063/Generated/PaddedTextures/tex_5068_padded.asset",352,96,32,32,"Assets/AOMigrator/TerrainHDPipelineData/HiggsPrep_v029/Dirt/GRH_49551_reference.png"
14275,"Dirt",0.940,"Dirt",1.000,680,5,805,757,5082,"Assets/AOMigrator/MapVisualV063/Textures/tex_5082.png",0,480,32,32,"Assets/AOMigrator/TerrainHDPipelineData/HiggsPrep_v029/Dirt/GRH_14275_reference.png"
6325,"Dirt",0.910,"Dirt",1.000,376,12,676,615,6215,"Assets/AOMigrator/MapVisualV063/Textures/tex_6215.png",160,32,32,32,"Assets/AOMigrator/TerrainHDPipelineData/HiggsPrep_v029/Dirt/GRH_6325_reference.png"
6324,"Dirt",0.910,"Dirt",1.000,372,12,672,612,6215,"Assets/AOMigrator/MapVisualV063/Textures/tex_6215.png",128,32,32,32,"Assets/AOMigrator/TerrainHDPipelineData/HiggsPrep_v029/Dirt/GRH_6324_reference.png"
1236,"Floor",0.920,"Floor",1.000,563,2,613,564,5133,"Assets/Resources/AOMigrator/WorldV07/Textures/tex_5133.png",640,0,32,32,"Assets/AOMigrator/TerrainHDPipelineData/HiggsPrep_v029/Floor/GRH_1236_reference.png"
1239,"Floor",0.920,"Floor",1.000,553,2,603,555,5133,"Assets/Resources/AOMigrator/WorldV07/Textures/tex_5133.png",736,0,32,32,"Assets/AOMigrator/TerrainHDPipelineData/HiggsPrep_v029/Floor/GRH_1239_reference.png"
1244,"Floor",0.920,"Floor",1.000,533,2,583,536,5133,"Assets/Resources/AOMigrator/WorldV07/Textures/tex_5133.png",640,64,32,32,"Assets/AOMigrator/TerrainHDPipelineData/HiggsPrep_v029/Floor/GRH_1244_reference.png"
1248,"Floor",0.920,"Floor",1.000,528,2,578,532,5133,"Assets/Resources/AOMigrator/WorldV07/Textures/tex_5133.png",640,96,32,32,"Assets/AOMigrator/TerrainHDPipelineData/HiggsPrep_v029/Floor/GRH_1248_reference.png"
1237,"Floor",0.920,"Floor",1.000,525,2,575,529,5133,"Assets/Resources/AOMigrator/WorldV07/Textures/tex_5133.png",672,0,32,32,"Assets/AOMigrator/TerrainHDPipelineData/HiggsPrep_v029/Floor/GRH_1237_reference.png"
1247,"Floor",0.920,"Floor",1.000,519,2,569,523,5133,"Assets/Resources/AOMigrator/WorldV07/Textures/tex_5133.png",736,64,32,32,"Assets/AOMigrator/TerrainHDPipelineData/HiggsPrep_v029/Floor/GRH_1247_reference.png"
1251,"Floor",0.920,"Floor",1.000,515,2,565,520,5133,"Assets/Resources/AOMigrator/WorldV07/Textures/tex_5133.png",736,96,32,32,"Assets/AOMigrator/TerrainHDPipelineData/HiggsPrep_v029/Floor/GRH_1251_reference.png"
1238,"Floor",0.920,"Floor",1.000,509,2,559,514,5133,"Assets/Resources/AOMigrator/WorldV07/Textures/tex_5133.png",704,0,32,32,"Assets/AOMigrator/TerrainHDPipelineData/HiggsPrep_v029/Floor/GRH_1238_reference.png"
1245,"Floor",0.920,"Floor",1.000,498,2,548,504,5133,"Assets/Resources/AOMigrator/WorldV07/Textures/tex_5133.png",672,64,32,32,"Assets/AOMigrator/TerrainHDPipelineData/HiggsPrep_v029/Floor/GRH_1245_reference.png"
1240,"Floor",0.920,"Floor",1.000,495,2,545,501,5133,"Assets/Resources/AOMigrator/WorldV07/Textures/tex_5133.png",640,32,32,32,"Assets/AOMigrator/TerrainHDPipelineData/HiggsPrep_v029/Floor/GRH_1240_reference.png"
1249,"Floor",0.920,"Floor",1.000,493,2,543,500,5133,"Assets/Resources/AOMigrator/WorldV07/Textures/tex_5133.png",672,96,32,32,"Assets/AOMigrator/TerrainHDPipelineData/HiggsPrep_v029/Floor/GRH_1249_reference.png"
1243,"Floor",0.920,"Floor",1.000,481,2,531,489,5133,"Assets/Resources/AOMigrator/WorldV07/Textures/tex_5133.png",736,32,32,32,"Assets/AOMigrator/TerrainHDPipelineData/HiggsPrep_v029/Floor/GRH_1243_reference.png"
1246,"Floor",0.920,"Floor",1.000,479,2,529,487,5133,"Assets/Resources/AOMigrator/WorldV07/Textures/tex_5133.png",704,64,32,32,"Assets/AOMigrator/TerrainHDPipelineData/HiggsPrep_v029/Floor/GRH_1246_reference.png"
1250,"Floor",0.920,"Floor",1.000,469,2,519,477,5133,"Assets/Resources/AOMigrator/WorldV07/Textures/tex_5133.png",704,96,32,32,"Assets/AOMigrator/TerrainHDPipelineData/HiggsPrep_v029/Floor/GRH_1250_reference.png"
1241,"Floor",0.920,"Floor",1.000,462,2,512,471,5133,"Assets/Resources/AOMigrator/WorldV07/Textures/tex_5133.png",672,32,32,32,"Assets/AOMigrator/TerrainHDPipelineData/HiggsPrep_v029/Floor/GRH_1241_reference.png"
1242,"Floor",0.920,"Floor",1.000,442,2,492,453,5133,"Assets/Resources/AOMigrator/WorldV07/Textures/tex_5133.png",704,32,32,32,"Assets/AOMigrator/TerrainHDPipelineData/HiggsPrep_v029/Floor/GRH_1242_reference.png"
8986,"Floor",0.920,"Floor",1.000,97,3,172,158,10150,"Assets/AOMigrator/MapVisualV063/Textures/tex_10150.png",320,448,32,32,"Assets/AOMigrator/TerrainHDPipelineData/HiggsPrep_v029/Floor/GRH_8986_reference.png"
8987,"Floor",0.920,"Floor",1.000,73,3,148,136,10150,"Assets/AOMigrator/MapVisualV063/Textures/tex_10150.png",352,448,32,32,"Assets/AOMigrator/TerrainHDPipelineData/HiggsPrep_v029/Floor/GRH_8987_reference.png"
8988,"Floor",0.920,"Floor",1.000,54,3,129,119,10150,"Assets/AOMigrator/MapVisualV063/Textures/tex_10150.png",320,480,32,32,"Assets/AOMigrator/TerrainHDPipelineData/HiggsPrep_v029/Floor/GRH_8988_reference.png"
8989,"Floor",0.920,"Floor",1.000,48,3,123,113,10150,"Assets/AOMigrator/MapVisualV063/Textures/tex_10150.png",352,480,32,32,"Assets/AOMigrator/TerrainHDPipelineData/HiggsPrep_v029/Floor/GRH_8989_reference.png"
6517,"Floor",0.920,"Floor",1.000,14,4,114,105,6215,"Assets/AOMigrator/MapVisualV063/Textures/tex_6215.png",416,416,32,32,"Assets/AOMigrator/TerrainHDPipelineData/HiggsPrep_v029/Floor/GRH_6517_reference.png"
6521,"Floor",0.920,"Floor",1.000,12,4,112,103,6215,"Assets/AOMigrator/MapVisualV063/Textures/tex_6215.png",416,448,32,32,"Assets/AOMigrator/TerrainHDPipelineData/HiggsPrep_v029/Floor/GRH_6521_reference.png"
6513,"Floor",0.887,"Floor",1.000,14,4,114,101,6215,"Assets/AOMigrator/MapVisualV063/Textures/tex_6215.png",416,384,32,32,"Assets/AOMigrator/TerrainHDPipelineData/HiggsPrep_v029/Floor/GRH_6513_reference.png"
6516,"Floor",0.887,"Floor",1.000,14,4,114,101,6215,"Assets/AOMigrator/MapVisualV063/Textures/tex_6215.png",384,416,32,32,"Assets/AOMigrator/TerrainHDPipelineData/HiggsPrep_v029/Floor/GRH_6516_reference.png"
7721,"Water",0.970,"Water",1.000,511,1,536,520,5095,"Assets/Resources/AOMigrator/WorldV07/Textures/tex_5095.png",544,288,32,32,"Assets/AOMigrator/TerrainHDPipelineData/HiggsPrep_v029/Water/GRH_7721_reference.png"
7733,"Water",0.970,"Water",1.000,508,1,533,517,5095,"Assets/Resources/AOMigrator/WorldV07/Textures/tex_5095.png",544,384,32,32,"Assets/AOMigrator/TerrainHDPipelineData/HiggsPrep_v029/Water/GRH_7733_reference.png"
7729,"Water",0.970,"Water",1.000,479,1,504,489,5095,"Assets/Resources/AOMigrator/WorldV07/Textures/tex_5095.png",544,352,32,32,"Assets/AOMigrator/TerrainHDPipelineData/HiggsPrep_v029/Water/GRH_7729_reference.png"
7734,"Water",0.970,"Water",1.000,459,1,484,469,5095,"Assets/Resources/AOMigrator/WorldV07/Textures/tex_5095.png",576,384,32,32,"Assets/AOMigrator/TerrainHDPipelineData/HiggsPrep_v029/Water/GRH_7734_reference.png"
7722,"Water",0.970,"Water",1.000,451,1,476,462,5095,"Assets/Resources/AOMigrator/WorldV07/Textures/tex_5095.png",576,288,32,32,"Assets/AOMigrator/TerrainHDPipelineData/HiggsPrep_v029/Water/GRH_7722_reference.png"
7732,"Water",0.970,"Water",1.000,445,1,470,456,5095,"Assets/Resources/AOMigrator/WorldV07/Textures/tex_5095.png",512,384,32,32,"Assets/AOMigrator/TerrainHDPipelineData/HiggsPrep_v029/Water/GRH_7732_reference.png"
7720,"Water",0.970,"Water",1.000,440,1,465,451,5095,"Assets/Resources/AOMigrator/WorldV07/Textures/tex_5095.png",512,288,32,32,"Assets/AOMigrator/TerrainHDPipelineData/HiggsPrep_v029/Water/GRH_7720_reference.png"
7735,"Water",0.970,"Water",1.000,438,1,463,449,5095,"Assets/Resources/AOMigrator/WorldV07/Textures/tex_5095.png",608,384,32,32,"Assets/AOMigrator/TerrainHDPipelineData/HiggsPrep_v029/Water/GRH_7735_reference.png"
7723,"Water",0.970,"Water",1.000,433,1,458,444,5095,"Assets/Resources/AOMigrator/WorldV07/Textures/tex_5095.png",608,288,32,32,"Assets/AOMigrator/TerrainHDPipelineData/HiggsPrep_v029/Water/GRH_7723_reference.png"
7725,"Water",0.970,"Water",1.000,424,1,449,436,5095,"Assets/Resources/AOMigrator/WorldV07/Textures/tex_5095.png",544,320,32,32,"Assets/AOMigrator/TerrainHDPipelineData/HiggsPrep_v029/Water/GRH_7725_reference.png"
7730,"Water",0.970,"Water",1.000,413,1,438,425,5095,"Assets/Resources/AOMigrator/WorldV07/Textures/tex_5095.png",576,352,32,32,"Assets/AOMigrator/TerrainHDPipelineData/HiggsPrep_v029/Water/GRH_7730_reference.png"
7728,"Water",0.970,"Water",1.000,397,1,422,409,5095,"Assets/Resources/AOMigrator/WorldV07/Textures/tex_5095.png",512,352,32,32,"Assets/AOMigrator/TerrainHDPipelineData/HiggsPrep_v029/Water/GRH_7728_reference.png"
7731,"Water",0.970,"Water",1.000,393,1,418,405,5095,"Assets/Resources/AOMigrator/WorldV07/Textures/tex_5095.png",608,352,32,32,"Assets/AOMigrator/TerrainHDPipelineData/HiggsPrep_v029/Water/GRH_7731_reference.png"
1515,"Water",0.970,"Water",1.000,236,6,386,374,20,"Assets/AOMigrator/MapVisualV063/Textures/tex_20.png",64,64,32,32,"Assets/AOMigrator/TerrainHDPipelineData/HiggsPrep_v029/Water/GRH_1515_reference.png"
7726,"Water",0.970,"Water",1.000,359,1,384,372,5095,"Assets/Resources/AOMigrator/WorldV07/Textures/tex_5095.png",576,320,32,32,"Assets/AOMigrator/TerrainHDPipelineData/HiggsPrep_v029/Water/GRH_7726_reference.png"
1516,"Water",0.970,"Water",1.000,230,6,380,369,20,"Assets/AOMigrator/MapVisualV063/Textures/tex_20.png",96,64,32,32,"Assets/AOMigrator/TerrainHDPipelineData/HiggsPrep_v029/Water/GRH_1516_reference.png"
1514,"Water",0.970,"Water",1.000,225,6,375,364,20,"Assets/AOMigrator/MapVisualV063/Textures/tex_20.png",32,64,32,32,"Assets/AOMigrator/TerrainHDPipelineData/HiggsPrep_v029/Water/GRH_1514_reference.png"
7724,"Water",0.970,"Water",1.000,348,1,373,362,5095,"Assets/Resources/AOMigrator/WorldV07/Textures/tex_5095.png",512,320,32,32,"Assets/AOMigrator/TerrainHDPipelineData/HiggsPrep_v029/Water/GRH_7724_reference.png"
1507,"Water",0.970,"Water",1.000,222,6,372,361,20,"Assets/AOMigrator/MapVisualV063/Textures/tex_20.png",64,0,32,32,"Assets/AOMigrator/TerrainHDPipelineData/HiggsPrep_v029/Water/GRH_1507_reference.png"
1519,"Water",0.970,"Water",1.000,220,6,370,359,20,"Assets/AOMigrator/MapVisualV063/Textures/tex_20.png",64,96,32,32,"Assets/AOMigrator/TerrainHDPipelineData/HiggsPrep_v029/Water/GRH_1519_reference.png"
7727,"Water",0.970,"Water",1.000,344,1,369,358,5095,"Assets/Resources/AOMigrator/WorldV07/Textures/tex_5095.png",608,320,32,32,"Assets/AOMigrator/TerrainHDPipelineData/HiggsPrep_v029/Water/GRH_7727_reference.png"
1520,"Water",0.970,"Water",1.000,217,6,367,356,20,"Assets/AOMigrator/MapVisualV063/Textures/tex_20.png",96,96,32,32,"Assets/AOMigrator/TerrainHDPipelineData/HiggsPrep_v029/Water/GRH_1520_reference.png"
1518,"Water",0.970,"Water",1.000,211,6,361,350,20,"Assets/AOMigrator/MapVisualV063/Textures/tex_20.png",32,96,32,32,"Assets/AOMigrator/TerrainHDPipelineData/HiggsPrep_v029/Water/GRH_1518_reference.png"
1508,"Water",0.970,"Water",1.000,210,6,360,349,20,"Assets/AOMigrator/MapVisualV063/Textures/tex_20.png",96,0,32,32,"Assets/AOMigrator/TerrainHDPipelineData/HiggsPrep_v029/Water/GRH_1508_reference.png"
59613,"Transition",0.880,"Other",0.340,642,15,1017,895,5023,"Assets/AOMigrator/MapVisualV063/Textures/tex_5023.png",32,0,32,32,"Assets/AOMigrator/TerrainHDPipelineData/HiggsPrep_v029/Transition/GRH_59613_reference.png"
17066,"Transition",0.863,"Transition",0.863,163,13,488,421,5041,"Assets/AOMigrator/MapVisualV063/Textures/tex_5041.png",768,1664,256,256,"Assets/AOMigrator/TerrainHDPipelineData/HiggsPrep_v029/Transition/GRH_17066_reference.png"
17047,"Transition",0.939,"Transition",0.939,108,11,383,360,5041,"Assets/AOMigrator/MapVisualV063/Textures/tex_5041.png",512,1280,256,128,"Assets/AOMigrator/TerrainHDPipelineData/HiggsPrep_v029/Transition/GRH_17047_reference.png"
17051,"Transition",0.948,"Transition",0.948,49,13,374,355,5041,"Assets/AOMigrator/MapVisualV063/Textures/tex_5041.png",1152,1280,256,128,"Assets/AOMigrator/TerrainHDPipelineData/HiggsPrep_v029/Transition/GRH_17051_reference.png"
16137,"Transition",0.925,"Transition",0.925,100,10,350,324,5065,"Assets/AOMigrator/MapVisualV063/Textures/tex_5065.png",256,128,128,128,"Assets/AOMigrator/TerrainHDPipelineData/HiggsPrep_v029/Transition/GRH_16137_reference.png"
2933,"Transition",0.916,"Transition",0.916,70,10,320,293,5065,"Assets/AOMigrator/MapVisualV063/Textures/tex_5065.png",64,768,64,64,"Assets/AOMigrator/TerrainHDPipelineData/HiggsPrep_v029/Transition/GRH_2933_reference.png"
49558,"Transition",0.887,"Transition",0.887,110,7,285,253,5068,"Assets/AOMigrator/MapVisualV063/Generated/PaddedTextures/tex_5068_padded.asset",384,0,96,32,"Assets/AOMigrator/TerrainHDPipelineData/HiggsPrep_v029/Transition/GRH_49558_reference.png"
49582,"Transition",0.960,"Transition",0.964,103,6,253,243,5068,"Assets/AOMigrator/MapVisualV063/Generated/PaddedTextures/tex_5068_padded.asset",0,192,352,32,"Assets/AOMigrator/TerrainHDPipelineData/HiggsPrep_v029/Transition/GRH_49582_reference.png"
17031,"Transition",0.881,"Transition",0.881,21,10,271,239,5041,"Assets/AOMigrator/MapVisualV063/Textures/tex_5041.png",1536,896,256,256,"Assets/AOMigrator/TerrainHDPipelineData/HiggsPrep_v029/Transition/GRH_17031_reference.png"
49557,"Transition",0.860,"Transition",0.860,103,6,253,218,5068,"Assets/AOMigrator/MapVisualV063/Generated/PaddedTextures/tex_5068_padded.asset",384,32,96,32,"Assets/AOMigrator/TerrainHDPipelineData/HiggsPrep_v029/Transition/GRH_49557_reference.png"
17046,"Transition",0.956,"Transition",0.956,35,7,210,201,5041,"Assets/AOMigrator/MapVisualV063/Textures/tex_5041.png",384,1280,128,128,"Assets/AOMigrator/TerrainHDPipelineData/HiggsPrep_v029/Transition/GRH_17046_reference.png"
16136,"Transition",0.891,"Transition",0.891,24,8,224,200,5065,"Assets/AOMigrator/MapVisualV063/Textures/tex_5065.png",128,128,128,128,"Assets/AOMigrator/TerrainHDPipelineData/HiggsPrep_v029/Transition/GRH_16136_reference.png"
595,"Transition",0.939,"Transition",0.939,87,5,212,199,100,"Assets/AOMigrator/MapVisualV063/Textures/tex_100.png",96,96,32,32,"Assets/AOMigrator/TerrainHDPipelineData/HiggsPrep_v029/Transition/GRH_595_reference.png"
16185,"Transition",0.905,"Transition",0.905,37,7,212,192,5065,"Assets/AOMigrator/MapVisualV063/Textures/tex_5065.png",256,896,128,128,"Assets/AOMigrator/TerrainHDPipelineData/HiggsPrep_v029/Transition/GRH_16185_reference.png"
19879,"Transition",0.960,"Transition",0.966,20,5,145,139,5157,"Assets/Resources/AOMigrator/ItemsV10/Textures/tex_5157.png",928,896,96,64,"Assets/AOMigrator/TerrainHDPipelineData/HiggsPrep_v029/Transition/GRH_19879_reference.png"
85214,"Transition",0.860,"Transition",0.860,61,4,161,138,6684,"Assets/Resources/AOMigrator/WorldV07/Textures/tex_6684.png",0,192,96,64,"Assets/AOMigrator/TerrainHDPipelineData/HiggsPrep_v029/Transition/GRH_85214_reference.png"
19877,"Transition",0.955,"Transition",0.955,20,5,145,138,5157,"Assets/Resources/AOMigrator/ItemsV10/Textures/tex_5157.png",928,832,96,64,"Assets/AOMigrator/TerrainHDPipelineData/HiggsPrep_v029/Transition/GRH_19877_reference.png"
19876,"Transition",0.947,"Transition",0.947,20,5,145,137,5157,"Assets/Resources/AOMigrator/ItemsV10/Textures/tex_5157.png",832,832,96,64,"Assets/AOMigrator/TerrainHDPipelineData/HiggsPrep_v029/Transition/GRH_19876_reference.png"
85184,"Transition",0.860,"Transition",0.860,54,4,154,132,6684,"Assets/Resources/AOMigrator/WorldV07/Textures/tex_6684.png",0,0,96,64,"Assets/AOMigrator/TerrainHDPipelineData/HiggsPrep_v029/Transition/GRH_85184_reference.png"
17055,"Transition",0.946,"Transition",0.946,13,5,138,131,5041,"Assets/AOMigrator/MapVisualV063/Textures/tex_5041.png",128,1408,128,128,"Assets/AOMigrator/TerrainHDPipelineData/HiggsPrep_v029/Transition/GRH_17055_reference.png"
17063,"Transition",0.948,"Transition",0.948,7,5,132,125,5041,"Assets/AOMigrator/MapVisualV063/Textures/tex_5041.png",256,1536,256,256,"Assets/AOMigrator/TerrainHDPipelineData/HiggsPrep_v029/Transition/GRH_17063_reference.png"
85254,"Transition",0.860,"Transition",0.860,24,4,124,107,6684,"Assets/Resources/AOMigrator/WorldV07/Textures/tex_6684.png",0,448,96,64,"Assets/AOMigrator/TerrainHDPipelineData/HiggsPrep_v029/Transition/GRH_85254_reference.png"
85204,"Transition",0.860,"Transition",0.860,47,3,122,105,6684,"Assets/Resources/AOMigrator/WorldV07/Textures/tex_6684.png",0,128,96,64,"Assets/AOMigrator/TerrainHDPipelineData/HiggsPrep_v029/Transition/GRH_85204_reference.png"
85264,"Transition",0.860,"Transition",0.860,22,4,122,105,6684,"Assets/Resources/AOMigrator/WorldV07/Textures/tex_6684.png",0,512,96,64,"Assets/AOMigrator/TerrainHDPipelineData/HiggsPrep_v029/Transition/GRH_85264_reference.png"
